size_mb,c_enc_time,c_dec_time,c_enc_speed,c_dec_speed,ocaml_enc_time,ocaml_dec_time,ocaml_enc_speed,ocaml_dec_speed
1,0.002516,0.002062,397.44,484.93,0.006937,0.006311,144.16,158.47
10,0.021416,0.026843,466.93,372.53,0.050084,0.062945,199.67,158.87
100,0.252410,0.255706,396.18,391.07,0.502043,0.705591,199.19,141.73