size_mb,enc_time,dec_time,enc_speed,dec_speed
1,0.209562,1.021215,4.77,0.98
10,2.255228,11.765928,4.43,0.85
30,7.764979,32.627074,3.86,0.92
50,12.455560,52.904959,4.01,0.95
75,18.606154,75.780856,4.03,0.99
100,23.721564,106.268691,4.22,0.94