size_mb,enc_time,dec_time,enc_speed,dec_speed
1,0.209164,1.067206,4.78,0.94
10,1.956014,10.864503,5.11,0.92
30,5.553893,32.353192,5.40,0.93
50,9.524956,55.226519,5.25,0.91
75,14.071440,82.517157,5.33,0.91
100,19.190375,112.897013,5.21,0.89