size_mb,enc_time,dec_time,enc_speed,dec_speed
1,0.032281,0.028441,30.98,35.16
10,0.269440,0.261560,37.11,38.23
30,0.820291,0.762594,36.57,39.34
50,1.468646,1.338371,34.04,37.36
75,2.162790,2.016468,34.68,37.19
100,3.040783,2.674629,32.89,37.39
