size_mb,enc_time,dec_time,enc_speed,dec_speed
1,0.015100,0.009061,66.23,110.37
10,0.065079,0.061997,153.66,161.30
30,0.186329,0.199390,161.01,150.46
50,0.282453,0.314751,177.02,158.86
75,0.466377,0.433569,160.81,172.98
100,0.599585,0.632124,166.78,158.20
