InputSizeMB,EncryptTime,DecryptTime,EncryptSpeed,DecryptSpeed
1,0.011380,0.008446,87.88,118.40
10,0.062156,0.059627,160.89,167.71
30,0.173011,0.172966,173.40,173.44
50,0.299141,0.304607,167.15,164.15
75,0.434470,0.433291,172.62,173.09
100,0.578512,0.579651,172.86,172.52
