InputSizeMB,EncryptTime,DecryptTime,EncryptSpeed,DecryptSpeed
1,0.011044,0.007850,90.55,127.38
10,0.063472,0.060774,157.55,164.54
30,0.191840,0.180153,156.38,166.53
50,0.299952,0.298510,166.69,167.50
75,0.449718,0.449039,166.77,167.02
100,0.596763,0.597090,167.57,167.48
