InputSizeMB,EncryptTime,DecryptTime,EncryptSpeed,DecryptSpeed
1,0.009777,0.007024,102.28,142.38
10,0.046327,0.043864,215.86,227.98
30,0.132389,0.132378,226.61,226.62
50,0.220231,0.224522,227.03,222.70
75,0.350610,0.348594,213.91,215.15
100,0.445642,0.443061,224.40,225.70
