InputSizeMB,EncryptTime,DecryptTime,EncryptSpeed,DecryptSpeed
1,0.032396,0.024100,30.87,41.49
10,0.263801,0.263847,37.91,37.90
30,0.791095,0.789924,37.92,37.98
50,1.340232,1.338562,37.31,37.35
75,1.984203,2.036159,37.80,36.83
100,2.639229,2.674082,37.89,37.40
