InputSizeMB,EncryptTime,DecryptTime,EncryptSpeed,DecryptSpeed
1,0.032020,0.024045,31.23,41.59
10,0.262248,0.261536,38.13,38.24
30,0.784284,0.786520,38.25,38.14
50,1.337866,1.394114,37.37,35.87
75,1.964010,1.989738,38.19,37.69
100,2.718110,2.708850,36.79,36.92
