InputSizeMB,EncryptTime,DecryptTime,EncryptSpeed,DecryptSpeed
1,0.021004,0.005732,47.61,174.47
10,0.063455,0.054984,157.59,181.87
30,0.181328,0.172846,165.45,173.56
50,0.295030,0.286747,169.47,174.37
75,0.439358,0.432619,170.70,173.36
100,0.581335,0.575160,172.02,173.86
