InputSizeMB,EncryptTime,DecryptTime,EncryptSpeed,DecryptSpeed
1,0.020017,0.005699,49.96,175.48
10,0.060685,0.052384,164.79,190.90
30,0.166071,0.159629,180.65,187.94
50,0.272560,0.266184,183.45,187.84
75,0.439092,0.436421,170.81,171.85
100,0.538635,0.561773,185.65,178.01
