InputSizeMB,EncryptTime,DecryptTime,EncryptSpeed,DecryptSpeed
1,0.009305,0.008479,107.47,117.94
10,0.067360,0.065424,148.46,152.85
30,0.203549,0.182025,147.38,164.81
50,0.296491,0.347416,168.64,143.92
75,0.471591,0.512391,159.04,146.37
100,0.648134,0.670101,154.29,149.23
