InputSizeMB,EncryptTime,DecryptTime,EncryptSpeed,DecryptSpeed,MinorCollections,MajorCollections,MinorWords,PromotedWords,MajorWords
1,0.006153,0.006465,162.52,154.68,7,7,3441,3288,658740
10,0.066365,0.065360,150.68,153.00,8,8,3441,3288,6556970
30,0.173495,0.163146,172.92,183.88,8,8,3441,3288,19664172
50,0.313150,0.314057,159.67,159.21,8,8,3441,3288,32771382
75,0.451823,0.506015,165.99,148.22,8,8,3441,3288,49155374
100,0.607017,0.659041,164.74,151.74,8,8,3441,3288,65539370
