size_mb,enc_time,dec_time,enc_speed,dec_speed
1,0.036202,0.037000,27.62,27.03
10,0.410226,0.339992,24.38,29.41
30,1.161775,1.294668,25.82,23.17
50,2.220208,2.077885,22.52,24.06
75,3.173918,3.178836,23.63,23.59
100,4.387719,3.575698,22.79,27.97
