size_mb,enc_time,dec_time,enc_speed,dec_speed
1,0.024057,0.021723,41.57,46.04
10,0.270227,0.241354,37.01,41.43
30,0.731526,0.724134,41.01,41.43
50,1.128417,1.036473,44.31,48.24
75,1.505516,1.518121,49.82,49.40
100,1.991733,2.094715,50.21,47.74
