size_mb,enc_time,dec_time,enc_speed,dec_speed
1,0.019465,0.012969,51.38,77.11
10,0.096734,0.112667,103.38,88.76
30,0.285796,0.325702,104.97,92.11
50,0.459261,0.623914,108.87,80.14
75,0.901242,0.800590,83.22,93.68
100,1.167201,1.134433,85.68,88.15
