InputSizeMB,EncryptTime,DecryptTime,EncryptSpeed,DecryptSpeed
1,0.000590,0.000743,1694.08,1345.61
10,0.008069,0.006621,1239.30,1510.33
30,0.025877,0.035059,1159.34,855.71
50,0.034107,0.047799,1465.97,1046.04
75,0.095856,0.078546,782.43,954.86
100,0.051205,0.079267,1952.94,1261.56
