InputSizeMB,EncryptTime,DecryptTime,EncryptSpeed,DecryptSpeed
1,0.001016,0.000915,984.37,1092.86
10,0.008500,0.009240,1176.46,1082.26
30,0.026104,0.051862,1149.24,578.46
50,0.044450,0.066562,1124.86,751.18
75,0.056075,0.111427,1337.49,673.09
100,0.077650,0.137187,1287.83,728.93
