InputSizeMB,EncryptTime,DecryptTime,EncryptSpeed,DecryptSpeed
1,0.010391,0.007683,96.24,130.16
10,0.068663,0.071914,145.64,139.06
30,0.206119,0.215597,145.55,139.15
50,0.354744,0.346783,140.95,144.18
75,0.532771,0.521435,140.77,143.83
100,0.691480,0.718553,144.62,139.17
